ID;Chr;Start;End;Ref;Alt;Func.refGene;Gene.refGene;GeneDetail.refGene;ExonicFunc.refGene;AAChange.refGene;cytoBand;genomicSuperDups;1000g2015aug_all;1000g2015aug_eur;1000g2015aug_afr;1000g2015aug_amr;1000g2015aug_eas;avsnp151;CLNDISDB;CLNREVSTAT;CLNSIG;CLNDN.1;CLNSIG.1;AF;AF_raw;AF_male;AF_female;AF_afr;AF_ami;AF_amr;AF_asj;AF_eas;AF_fin;AF_nfe;AF_oth;AF_sas;gnomad41_genome_AF;gnomad41_genome_AF_raw;gnomad41_genome_AF_XX;gnomad41_genome_AF_XY;gnomad41_genome_AF_grpmax;gnomad41_genome_faf95;gnomad41_genome_faf99;gnomad41_genome_fafmax_faf95_max;gnomad41_genome_fafmax_faf99_max;gnomad41_genome_AF_afr;gnomad41_genome_AF_ami;gnomad41_genome_AF_amr;gnomad41_genome_AF_asj;gnomad41_genome_AF_eas;gnomad41_genome_AF_fin;gnomad41_genome_AF_mid;gnomad41_genome_AF_nfe;gnomad41_genome_AF_remaining;gnomad41_genome_AF_sas;InterVar_automated;Kaviar_AF;Kaviar_AC;Kaviar_AN;Freq_alelica;Chromosome;POS;ALT_FREQS_47;OBS_CT;Gene;Type;Effect;dbSNP;comp_1000g2015aug_all;comp_1000g2015aug_eur;comp_1000g2015aug_afr;comp_1000g2015aug_amr;comp_1000g2015aug_eas;comp_AF;comp_AF_afr;comp_AF_amr;comp_AF_eas;comp_AF_nfe;comp_gnomad41_genome_AF;comp_gnomad41_genome_AF_afr;comp_gnomad41_genome_AF_amr;comp_gnomad41_genome_AF_eas;comp_gnomad41_genome_AF_nfe
10:96521045;chr10;94761288;94761288;C;T;intergenic;"CYP2C18;CYP2C19";"dist=25098;dist=1393";.;.;10q23.33;.;0.091254;0.0716;0.1067;0.0389;0.0962;rs3814637;.;.;.;.;.;0.0797;0.0798;0.0791;0.0803;0.1115;0.0301;0.0567;0.0854;0.0858;0.052;0.0664;0.0816;0.1218;0.0802;0.0803;0.0801;0.0803;0.121;0.079;0.0785;0.1129;0.1096;0.1118;0.0296;0.0566;0.0844;0.0998;0.052;0.068;0.0668;0.0806;0.121;.;0.0706547;1839;26028;0.03;chr10;94761288;0.0319149;94;CYP2C19;C>T;none;rs3814637;Similar;Similar;Diferente;Similar;Diferente;Similar;Diferente;Similar;Similar;Similar;Similar;Diferente;Similar;Diferente;Similar
10:96521422;chr10;94761665;94761665;G;A;intergenic;"CYP2C18;CYP2C19";"dist=25475;dist=1016";.;.;10q23.33;.;;;;;;rs7902257;.;.;.;CYP2C19:_uncertain_function;drug_response;0.0237;0.0237;0.0222;0.0251;0.0775;0;0.0065;0;0;0;0.0002;0.0149;0;0.0223;0.0223;0.0235;0.021;0.0779;0.0217;0.0214;0.0757;0.0747;0.0779;0;0.0071;0;0.0002;0;0.0068;0.0003;0.0128;0.0002;.;7.68e-05;2;26028;0.01;chr10;94761665;0.0106383;94;CYP2C19;G>A;none;rs7902257;;;;;;Similar;Diferente;Similar;Diferente;Similar;Similar;Diferente;Similar;Diferente;Similar
10:96521574;chr10;94761817;94761817;T;G;upstream;CYP2C19;dist=864;.;.;10q23.33;.;0.0800719;0.0686;0.0696;0.036;0.0952;rs11568732;.;.;.;.;.;0.0671;0.0672;0.0669;0.0674;0.076;0.0301;0.0526;0.0813;0.085;0.0512;0.0635;0.0674;0.1198;0.0683;0.0683;0.068;0.0685;0.1194;0.0672;0.0667;0.1113;0.1081;0.0758;0.0296;0.0521;0.0804;0.0992;0.0511;0.0646;0.0638;0.0699;0.1194;.;0.0649301;1690;26028;0.03;chr10;94761817;0.0319149;94;CYP2C19;T>G;none;rs11568732;Similar;Similar;Similar;Similar;Diferente;Similar;Similar;Similar;Similar;Similar;Similar;Similar;Similar;Diferente;Similar
10:96521657;chr10;94761900;94761900;C;T;upstream;CYP2C19;dist=781;.;.;10q23.33;.;0.153155;0.2237;0.2352;0.1196;0.0149;rs12248560;.;.;.;not_provided|CYP2C19:_increased_function;drug_response;0.2036;0.2038;0.2004;0.2066;0.2202;0.2622;0.1353;0.2175;0.0073;0.1851;0.2206;0.1848;0.1667;0.2;0.2002;0.2031;0.1967;0.2211;0.1981;0.1973;0.2173;0.2158;0.2211;0.2643;0.133;0.2134;0.0095;0.1849;0.2313;0.22;0.1979;0.1629;.;0.187913;4891;26028;0.19;chr10;94761900;0.191489;94;CYP2C19;C>T;expression;rs12248560;Similar;Similar;Similar;Similar;Diferente;Similar;Similar;Similar;Diferente;Similar;Similar;Similar;Similar;Diferente;Similar
10:96522365;chr10;94762608;94762608;T;C;upstream;CYP2C19;dist=73;.;.;10q23.33;.;0.21905;0.1451;0.1626;0.1023;0.3125;rs4986894;.;.;.;.;.;0.1639;0.1641;0.167;0.1609;0.1745;0.1833;0.1303;0.1334;0.3183;0.1839;0.1469;0.1504;0.3405;0.1664;0.1668;0.1626;0.1705;0.3297;0.1647;0.164;0.3162;0.3108;0.1736;0.182;0.129;0.1317;0.312;0.1851;0.0816;0.1474;0.1517;0.3297;.;0.0309375;4783;154602;0.17;chr10;94762608;0.180851;94;CYP2C19;T>C;none;rs4986894;Similar;Similar;Similar;Similar;Diferente;Similar;Similar;Similar;Diferente;Similar;Similar;Similar;Similar;Diferente;Similar
10:96522561;chr10;94762804;94762804;C;T;exonic;CYP2C19;.;synonymous SNV;CYP2C19:NM_000769:exon1:c.C99T:p.P33P;10q23.33;.;;;;;;rs17885098;MedGen:CN517202;criteria_provided,_single_submitter;Benign;not_provided;Benign;0.9198;0.9197;0.9205;0.9192;0.8869;0.9699;0.9435;0.9146;0.9141;0.948;0.9335;0.9182;0.8792;0.9193;0.9192;0.9193;0.9193;0.9436;0.9153;0.9136;0.9307;0.9254;0.8865;0.9703;0.9436;0.9156;0.9003;0.9481;0.932;0.9332;0.9182;0.8795;Likely benign;0.0241265;3730;154602;0.949;chr10;94762804;0.956522;92;CYP2C19;C>T;none;rs17885098;;;;;;Similar;Similar;Similar;Similar;Similar;Similar;Similar;Similar;Similar;Similar
10:96534922;chr10;94775165;94775165;G;C;exonic;CYP2C19;.;nonsynonymous SNV;CYP2C19:NM_000769:exon2:c.G276C:p.E92D;10q23.33;.;0.00898562;0.0358;0.0038;0.0058;;rs17878459;.;.;.;.;.;0.0221;0.0222;0.0214;0.0228;0.0086;0.05;0.0171;0.006;0;0.0392;0.0314;0.0186;0.0111;0.0218;0.0219;0.0226;0.021;0.0316;0.0212;0.0209;0.0304;0.03;0.0084;0.0504;0.0164;0.0061;0.0002;0.0398;0.0136;0.0316;0.0175;0.0085;Likely benign;0.0230527;3564;154602;0.03;chr10;94775165;0.0319149;94;CYP2C19;G>C;E92D;rs17878459;Similar;Similar;Diferente;Similar;;Similar;Similar;Similar;Diferente;Similar;Similar;Similar;Similar;Diferente;Similar
10:96535124;chr10;94775367;94775367;A;G;intronic;CYP2C19;.;.;.;10q23.33;.;0.228435;0.1451;0.1967;0.1052;0.3125;rs12769205;.;.;.;CYP2C19:_no_function;drug_response;0.171;0.1712;0.1741;0.1681;0.1966;0.1833;0.134;0.134;0.3178;0.184;0.1472;0.1562;0.3417;0.1733;0.1735;0.1695;0.1774;0.3311;0.1716;0.1709;0.3176;0.3121;0.1963;0.182;0.1328;0.1326;0.3118;0.1854;0.0918;0.1478;0.157;0.3311;.;0.177417;27429;154602;0.18;chr10;94775367;0.191489;94;CYP2C19;A>G;splice defect;rs12769205;Similar;Similar;Similar;Similar;Diferente;Similar;Similar;Similar;Diferente;Similar;Similar;Similar;Similar;Diferente;Similar
10:96535210;chr10;94775453;94775453;G;A;exonic;CYP2C19;.;nonsynonymous SNV;CYP2C19:NM_000769:exon3:c.G395A:p.R132Q;10q23.33;.;;;;;;rs72552267;.;.;.;CYP2C19:_no_function;drug_response;0.0003;0.0003;0.0004;0.0002;0.00009515;0;0.0014;0;0.0006;0;0.0003;0.0005;0.0003;0.0003;0.0003;0.0002;0.0004;0.0012;0.0003;0.0002;0.0008;0.0007;0.00009623;0;0.0012;0;0.0006;0;0;0.0003;0;0.0002;Uncertain significance;0.000194;30;154602;0.01;chr10;94775453;0.0106383;94;CYP2C19;G>A;R132Q;rs72552267;;;;;;Similar;Diferente;Similar;Similar;Similar;Similar;Diferente;Similar;Similar;Similar
10:96541616;chr10;94781859;94781859;G;A;exonic;CYP2C19;.;synonymous SNV;CYP2C19:NM_000769:exon5:c.G681A:p.P227P;10q23.33;.;0.221446;0.1451;0.1702;0.1052;0.3125;rs4244285;.;.;.;not_specified|not_provided|Clopidogrel_response|Proguanil,_poor_metabolism_of|Mephenytoin,_poor_metabolism_of;Likely_benign|other;0.1653;0.1653;0.1689;0.162;0.1777;0.1837;0.1315;0.1336;0.3174;0.1852;0.1474;0.1514;0.3423;0.1679;0.168;0.1637;0.1724;0.3322;0.1662;0.1655;0.3186;0.3131;0.1771;0.1824;0.1301;0.132;0.3119;0.1865;0.0856;0.148;0.1532;0.3322;Benign;0.176013;27212;154602;0.1735;chr10;94781859;0.184783;92;CYP2C19;G>A;splice defect;rs4244285;Similar;Similar;Similar;Similar;Diferente;Similar;Similar;Similar;Diferente;Similar;Similar;Similar;Similar;Diferente;Similar
10:96602622;chr10;94842865;94842865;C;T;exonic;CYP2C19;.;synonymous SNV;CYP2C19:NM_000769:exon7:c.C990T:p.V330V;10q23.33;.;0.221246;0.1451;0.1702;0.1037;0.3125;rs3758580;.;.;.;.;.;0.1645;0.1647;0.1678;0.1614;0.1767;0.1833;0.1308;0.133;0.3192;0.1819;0.1469;0.151;0.3419;0.1672;0.1673;0.1631;0.1714;0.3311;0.1655;0.1647;0.3175;0.3121;0.1762;0.182;0.1296;0.1313;0.3123;0.1831;0.085;0.1474;0.1521;0.3311;Benign;0.175114;27073;154602;0.17;chr10;94842865;0.180851;94;CYP2C19;C>T;none;rs3758580;Similar;Similar;Similar;Similar;Diferente;Similar;Similar;Similar;Diferente;Similar;Similar;Similar;Similar;Diferente;Similar
10:96602623;chr10;94842866;94842866;A;G;exonic;CYP2C19;.;nonsynonymous SNV;CYP2C19:NM_000769:exon7:c.A991G:p.I331V;10q23.33;.;;;;;;rs3758581;MedGen:CN517202;criteria_provided,_single_submitter;Benign;not_provided;Benign;0.9536;0.9536;0.9533;0.9539;0.987;0.97;0.9528;0.9188;0.969;0.9493;0.9369;0.9526;0.8832;0.9523;0.9523;0.9529;0.9517;0.9876;0.9482;0.9465;0.9796;0.9763;0.9876;0.9704;0.9538;0.9196;0.9622;0.9494;0.9354;0.9366;0.948;0.8853;Uncertain significance;0.0242235;3745;154602;0.96;chr10;94842866;0.968085;94;CYP2C19;A>G;I331V;rs3758581;;;;;;Similar;Similar;Similar;Similar;Similar;Similar;Similar;Similar;Similar;Similar
10:96602710;chr10;94842953;94842953;G;A;exonic;CYP2C19;.;nonsynonymous SNV;CYP2C19:NM_000769:exon7:c.G1078A:p.D360N;10q23.33;.;0.000199681;;;0.0014;;rs144036596;.;.;.;.;.;0.0003;0.0003;0.0003;0.0003;0.0002;0;0.0005;0;0.0003;0;0.0004;0;0;0.0003;0.0003;0.0003;0.0003;0.0006;0.0002;0.0002;0.0003;0.0002;0.0002;0;0.0006;0;0.0002;0;0;0.0004;0.0005;0;Uncertain significance;0.0003105;48;154602;0.01;chr10;94842953;0.0106383;94;CYP2C19;G>A;D360N;rs144036596;Similar;;;Similar;;Similar;Diferente;Similar;Diferente;Similar;Similar;Diferente;Similar;Diferente;Similar
15:75038220;chr15;74745879;74745879;G;A;intergenic;"CYP1A1;CYP1A2";"dist=20351;dist=2966";.;.;15q24.1;.;0.208866;0.0199;0.3132;0.3617;0.2808;rs2069514;.;.;.;.;.;0.1267;0.1269;0.13;0.1236;0.2747;0.1347;0.2658;0.0328;0.2689;0.0486;0.0129;0.1465;0.0879;0.127;0.1272;0.1236;0.1305;0.2774;0.1255;0.1248;0.2732;0.2714;0.2774;0.1363;0.2717;0.0337;0.2646;0.049;0.051;0.013;0.1155;0.0825;.;0.100814;2624;26028;0.1633;chr15;74745879;0.148936;94;CYP1A2;G>A;none;rs2069514;Similar;Diferente;Diferente;Diferente;Diferente;Similar;Diferente;Diferente;Diferente;Diferente;Similar;Diferente;Diferente;Diferente;Diferente
15:75039612;chr15;74747272;74747272;T;-;intergenic;"CYP1A1;CYP1A2";"dist=21744;dist=1573";.;.;15q24.1;.;0.384984;0.0805;0.5045;0.4265;0.5099;rs35694136;.;.;.;.;.;0.2305;0.2318;0.2377;0.2238;0.4537;0.1904;0.3459;0.1352;0.5048;0.1273;0.0637;0.2458;0.3768;0.233;0.2345;0.2244;0.2421;0.4959;0.231;0.2302;0.4798;0.4733;0.4563;0.1938;0.3509;0.1369;0.4959;0.1283;0.1429;0.064;0.2182;0.3753;.;0.0021131;55;26028;0.2;chr15;74747271;0.180851;94;CYP1A2;delT;none;rs35694136;Diferente;Diferente;Diferente;Diferente;Diferente;Similar;Diferente;Diferente;Diferente;Diferente;Similar;Diferente;Diferente;Diferente;Diferente
15:75041341;chr15;74749000;74749000;T;G;intronic;CYP1A2;.;.;.;15q24.1;.;0.0710863;0.0239;0.1233;0.0245;0.0843;rs2069526;.;.;.;.;.;0.0544;0.0544;0.0556;0.0533;0.107;0.0234;0.0357;0.0563;0.0895;0.0485;0.0222;0.0474;0.091;0.0537;0.0537;0.0523;0.0551;0.107;0.0527;0.0523;0.1044;0.1033;0.107;0.0231;0.0353;0.0576;0.0787;0.0486;0.0646;0.0222;0.0458;0.0867;.;0.0062289;963;154602;0.07143;chr15;74749000;0.0543478;92;CYP1A2;T>G;none;rs2069526;Similar;Similar;Similar;Similar;Similar;Similar;Similar;Similar;Similar;Similar;Similar;Similar;Similar;Similar;Similar
15:75041351;chr15;74749010;74749010;C;T;intronic;CYP1A2;.;.;.;15q24.1;.;0.000599042;0.003;;;;rs12720461;.;.;.;.;.;0.0018;0.0018;0.002;0.0017;0.0005;0;0.0004;0.0099;0;0.0019;0.0026;0.0009;0.0036;0.002;0.0019;0.0018;0.0021;0.005;0.0018;0.0017;0.0034;0.0029;0.0005;0;0.0005;0.0098;0;0.0018;0.0068;0.0027;0.0033;0.005;.;0.0004204;65;154602;0.0102;chr15;74749010;0.0108696;92;CYP1A2;C>T;none;rs12720461;Similar;Similar;;;;Similar;Similar;Similar;Diferente;Similar;Similar;Similar;Similar;Diferente;Similar
15:75041917;chr15;74749576;74749576;C;A;intronic;CYP1A2;.;.;.;15q24.1;.;0.629792;0.6799;0.562;0.7579;0.6726;rs762551;MedGen:CN169374;criteria_provided,_single_submitter;Likely_benign;not_specified;Likely_benign;0.6729;0.6727;0.6704;0.6752;0.6063;0.6469;0.7036;0.6848;0.659;0.689;0.7117;0.6802;0.5775;0.6723;0.6722;0.6761;0.6684;0.7117;0.6689;0.6674;0.7064;0.7042;0.6053;0.6498;0.7061;0.6856;0.6513;0.6892;0.6837;0.7117;0.667;0.5678;.;0.695328;18098;26028;0.74;chr15;74749576;0.734043;94;CYP1A2;C>A;none;rs762551;Similar;Similar;Diferente;Similar;Similar;Similar;Diferente;Similar;Similar;Similar;Similar;Diferente;Similar;Similar;Similar
15:75044238;chr15;74751897;74751897;G;A;intronic;CYP1A2;.;.;.;15q24.1;.;0.238019;0.5994;0.0333;0.3271;0.1637;rs2472304;.;.;.;.;.;0.4334;0.4335;0.4239;0.4424;0.1273;0.4544;0.3548;0.5503;0.1525;0.5593;0.6473;0.4292;0.1992;0.4307;0.4309;0.4431;0.4178;0.647;0.428;0.4268;0.642;0.6399;0.1234;0.4539;0.3518;0.5493;0.1553;0.5584;0.5374;0.647;0.444;0.1909;.;0.460169;71143;154602;0.51;chr15;74751897;0.531915;94;CYP1A2;G>A;none;rs2472304;Diferente;Similar;Diferente;Diferente;Diferente;Similar;Diferente;Diferente;Diferente;Similar;Similar;Diferente;Diferente;Diferente;Similar
15:75047426;chr15;74755085;74755085;T;C;exonic;CYP1A2;.;synonymous SNV;CYP1A2:NM_000761:exon7:c.T1548C:p.N516N;15q24.1;.;;;;;;rs2470890;MedGen:CN517202;criteria_provided,_single_submitter;Benign;not_provided;Benign;0.5696;0.5696;0.5788;0.5609;0.8819;0.5435;0.6473;0.45;0.846;0.4401;0.3529;0.572;0.7997;0.572;0.5721;0.5599;0.5846;0.8858;0.5688;0.5675;0.8782;0.8751;0.8858;0.5441;0.6503;0.451;0.8433;0.441;0.4626;0.3532;0.5568;0.808;Likely benign;0.0080529;1245;154602;0.48;chr15;74755085;0.468085;94;CYP1A2;T>C;none;rs2470890;;;;;;Similar;Diferente;Diferente;Diferente;Similar;Similar;Diferente;Diferente;Diferente;Similar
15:75047600;chr15;74755259;74755259;A;G;UTR3;CYP1A2;NM_000761:c.*171A>G;.;.;15q24.1;.;0.165935;0.0636;0.146;0.0634;0.2331;rs11636419;.;.;.;.;.;0.0921;0.0929;0.0973;0.0872;0.1294;0.0556;0.0774;0.1024;0.2311;0.1066;0.0529;0.0926;0.2909;0.0955;0.0962;0.0891;0.1022;0.2964;0.0941;0.0936;0.2835;0.2782;0.1297;0.0581;0.0767;0.1032;0.2275;0.1065;0.0918;0.0532;0.0982;0.2964;.;0.0898648;2339;26028;0.07;chr15;74755259;0.0531915;94;CYP1A2;A>G;none;rs11636419;Diferente;Similar;Diferente;Similar;Diferente;Similar;Similar;Similar;Diferente;Similar;Similar;Similar;Similar;Diferente;Similar
22:42522312;chr22;42126310;42126310;C;T;UTR3;CYP2D7;NM_001348386:c.*264G>A;.;.;22q13.2;"Score=0.967208;Name=chr22:42135343";;;;;;rs12169962;.;.;.;.;.;0.2535;0.2639;0.257;0.2501;0.132;0.205;0.2786;0.3283;0.1298;0.3604;0.3082;0.2729;0.3505;0.2555;0.2667;0.2517;0.2594;0.3468;0.2533;0.2524;0.3326;0.3269;0.1309;0.2114;0.2793;0.3255;0.1345;0.3595;0.4036;0.3089;0.2856;0.3468;.;7.68e-05;2;26028;0.3478;chr22;42126310;0.333333;90;CYP2D6;C>T;none;rs12169962;;;;;;Similar;Diferente;Similar;Diferente;Similar;Similar;Diferente;Similar;Diferente;Similar
22:42522392;chr22;42126390;42126390;G;A;UTR3;CYP2D7;NM_001348386:c.*184C>T;.;.;22q13.2;"Score=0.967208;Name=chr22:42135343";0.236821;0.2038;0.112;0.1499;0.5645;rs28371738;MedGen:CN078023;no_assertion_criteria_provided;drug_response;Tramadol_response;drug_response;0.1847;0.1862;0.1792;0.1898;0.1229;0.2982;0.1526;0.2417;0.5298;0.1127;0.2222;0.1941;0.1754;0.1884;0.1903;0.1933;0.1833;0.5122;0.1866;0.1858;0.4957;0.4889;0.1226;0.2954;0.1521;0.2455;0.5122;0.1135;0.1156;0.2221;0.175;0.1654;.;0.214538;5584;26028;0.19;chr22;42126390;0.180851;94;CYP2D6;G>A;none;rs28371738;Similar;Similar;Similar;Similar;Diferente;Similar;Similar;Similar;Diferente;Similar;Similar;Similar;Similar;Diferente;Similar
22:42522613;chr22;42126611;42126611;C;G;exonic;"CYP2D6;CYP2D7";.;nonsynonymous SNV;CYP2D6:NM_001025161:exon8:c.G1304C:p.S435T,CYP2D6:NM_000106:exon9:c.G1457C:p.S486T;22q13.2;"Score=0.967208;Name=chr22:42135343";;;;;;rs1135840;.;.;.;not_specified|not_provided;Benign|other;0.5766;0.5775;0.5709;0.5819;0.6405;0.5271;0.4883;0.6455;0.7065;0.5022;0.5583;0.5753;0.5596;0.5766;0.5774;0.5809;0.5721;0.6881;0.5734;0.5721;0.669;0.6613;0.6431;0.5278;0.4901;0.646;0.6881;0.502;0.6345;0.5588;0.5578;0.5511;Uncertain significance;0.01445;2234;154602;0.53;chr22;42126611;0.521277;94;CYP2D6;C>G;S486T;rs1135840;;;;;;Similar;Diferente;Similar;Diferente;Similar;Similar;Diferente;Similar;Diferente;Similar
22:42522915;chr22;42126914;42126917;CGGG;-;exonic;"CYP2D6;CYP2D7";.;frameshift deletion;CYP2D6:NM_001025161:exon7:c.1096_1099del:p.P366fs,CYP2D6:NM_000106:exon8:c.1249_1252del:p.P417fs;22q13.2;"Score=0.967208;Name=chr22:42135343";;;;;;.;.;.;.;.;.;;.;.;.;;.;;.;;.;;.;.;;.;.;.;.;.;.;.;.;;.;;.;;.;.;;.;.;.;.;.;.;0.02222;chr22;42126913;0.0227273;88;CYP2D6;C>T;E418K;rs28371733;;;;;;;;;;;;;;;
22:42523001;chr22;42126999;42126999;-;GAAGATG;ncRNA_intronic;LOC101929829;.;.;.;22q13.2;"Score=0.967208;Name=chr22:42135343";;;;;;.;.;.;.;.;.;;.;.;.;;.;;.;;.;;.;.;;.;.;.;.;.;.;.;.;;.;;.;;.;.;;.;.;.;.;.;.;0.9787;chr22;42126999;0.977778;90;CYP2D6;G>A;none;rs4987144;;;;;;;;;;;;;;;
22:42523158;chr22;42127156;42127156;G;A;ncRNA_intronic;LOC101929829;.;.;.;22q13.2;"Score=0.967208;Name=chr22:42135343";0.000399361;;0.0015;;;rs530299539;.;.;.;.;.;0.0004;0.0004;0.0005;0.0003;0.0013;0;0.0001;0;0;0;0;0;0;0.0004;0.0004;0.0003;0.0004;0.0013;0.0003;0.0003;0.001;0.0009;0.0013;0;0.0003;0;0;0;0;0;0;0.0004;.;0.0001921;5;26028;0.02083;chr22;42127156;0.0217391;92;CYP2D6;G>A;none;rs530299539;Diferente;;Diferente;;;Diferente;Diferente;Diferente;Diferente;Diferente;Diferente;Diferente;Diferente;Diferente;Diferente
22:42523209;chr22;42127207;42127207;C;T;ncRNA_intronic;LOC101929829;.;.;.;22q13.2;"Score=0.967208;Name=chr22:42135343";;;;;;rs28371730;.;.;.;.;.;0.3548;0.3575;0.3563;0.3535;0.4084;0.2232;0.3219;0.3944;0.1407;0.3889;0.3311;0.353;0.3806;0.3529;0.3561;0.3508;0.3552;0.4106;0.3504;0.3494;0.4054;0.4032;0.4106;0.2258;0.3246;0.3908;0.1451;0.3882;0.5034;0.3321;0.3568;0.3815;.;3.84e-05;1;26028;0.3265;chr22;42127207;0.340426;94;CYP2D6;C>T;none;rs28371730;;;;;;Similar;Similar;Similar;Diferente;Similar;Similar;Similar;Similar;Diferente;Similar
22:42523211;chr22;42127209;42127209;T;C;ncRNA_intronic;LOC101929829;.;.;.;22q13.2;"Score=0.967208;Name=chr22:42135343";0.242412;0.2058;0.1157;0.1513;0.5823;rs2004511;MedGen:CN078023;no_assertion_criteria_provided;drug_response;Tramadol_response;drug_response;0.192;0.1918;0.1868;0.1969;0.1313;0.3085;0.1587;0.2508;0.5755;0.1137;0.2272;0.2043;0.18;0.196;0.1957;0.2007;0.1912;0.5541;0.1941;0.1934;0.5371;0.5302;0.1311;0.3055;0.1585;0.2548;0.5541;0.1145;0.1199;0.2268;0.1824;0.1699;.;0.0129476;337;26028;0.1939;chr22;42127209;0.180851;94;CYP2D6;T>C;none;rs2004511;Similar;Similar;Similar;Similar;Diferente;Similar;Similar;Similar;Diferente;Similar;Similar;Similar;Similar;Diferente;Similar
22:42523400;chr22;42127398;42127398;A;G;ncRNA_intronic;LOC101929829;.;.;.;22q13.2;"Score=0.967208;Name=chr22:42135343";0.00579073;0.008;0.0015;0.0043;;rs28578778;.;.;.;.;.;0.0068;0.007;0.0062;0.0072;0.002;0;0.0045;0.003;0;0.0049;0.0109;0.0066;0.0136;0.0069;0.0071;0.0074;0.0063;0.0142;0.0065;0.0064;0.0115;0.0105;0.0019;0;0.0045;0.0037;0;0.0047;0.0034;0.0111;0.0062;0.0142;.;0.0079171;1224;154602;0.0102;chr22;42127398;0.0106383;94;CYP2D6;A>G;none;rs28578778;Similar;Similar;Similar;Similar;;Similar;Similar;Similar;Diferente;Similar;Similar;Similar;Similar;Diferente;Similar
22:42523409;chr22;42127407;42127407;T;G;ncRNA_intronic;LOC101929829;.;.;.;22q13.2;"Score=0.967208;Name=chr22:42135343";;;;;;rs1985842;.;.;.;.;.;0.5818;0.5818;0.5765;0.5868;0.654;0.5315;0.4916;0.6454;0.7222;0.5038;0.5594;0.5778;0.5611;0.5816;0.5816;0.5854;0.5777;0.7028;0.5784;0.577;0.6836;0.6758;0.6562;0.5322;0.4931;0.6455;0.7028;0.5036;0.6294;0.5599;0.5587;0.5534;.;0;0;154602;0.6633;chr22;42127407;0.648936;94;CYP2D6;T>G;none;rs1985842;;;;;;Similar;Similar;Diferente;Similar;Similar;Similar;Similar;Diferente;Similar;Similar
22:42523528;chr22;42127526;42127526;C;T;exonic;"CYP2D6;CYP2D7";.;nonsynonymous SNV;CYP2D6:NM_001025161:exon6:c.G941A:p.R314H,CYP2D6:NM_000106:exon7:c.G1094A:p.R365H;22q13.2;"Score=0.967208;Name=chr22:42135343";;;;;;rs1058172;MedGen:CN078023;no_assertion_criteria_provided;drug_response;Tramadol_response;drug_response;0.0538;0.0936;0.0502;0.0571;0.0137;0.1394;0.0417;0.0632;0.0003;0.0394;0.0917;0.0551;0.0321;0.0535;0.0931;0.0572;0.0497;0.0916;0.0525;0.052;0.0895;0.0886;0.0136;0.1404;0.0419;0.0642;0.0004;0.0395;0.031;0.0916;0.0557;0.0333;Benign;0.0987891;15273;154602;0.125;chr22;42127526;0.12766;94;CYP2D6;C>T;R365H;rs1058172;;;;;;Diferente;Diferente;Diferente;Diferente;Similar;Diferente;Diferente;Diferente;Diferente;Similar
22:42523592;chr22;42127590;42127590;G;A;exonic;"CYP2D6;CYP2D7";.;stopgain;CYP2D6:NM_001025161:exon6:c.C877T:p.R293X,CYP2D6:NM_000106:exon7:c.C1030T:p.R344X;22q13.2;"Score=0.967208;Name=chr22:42135343";0.000199681;;0.0008;;;rs72549347;.;.;.;.;.;0.0005;0.0006;0.0006;0.0005;0.0016;0;0.00007342;0;0;0;0.00003105;0.0009;0.0007;0.0005;0.0005;0.0004;0.0005;0.0015;0.0004;0.0003;0.0012;0.0011;0.0015;0;0.0001;0;0;0;0;0.00002947;0.0005;0.0006;.;0.0001682;26;154602;0.0102;chr22;42127590;0.0106383;94;CYP2D6;G>A;R344X;rs72549347;Similar;;Similar;;;Similar;Similar;Diferente;Diferente;Diferente;Similar;Similar;Diferente;Diferente;Diferente
22:42523805;chr22;42127803;42127803;C;T;ncRNA_intronic;LOC101929829;.;.;.;22q13.2;"Score=0.967208;Name=chr22:42135343";0.0634984;0.0934;0.0182;0.062;0.0377;rs28371725;MedGen:CN078013|MedGen:CN078023|MedGen:CN258189|MedGen:CN517202;criteria_provided,_multiple_submitters,_no_conflicts;Likely_benign,_drug_response,_other;not_provided|Deutetrabenazine_response|Tamoxifen_response|Tramadol_response;Likely_benign|drug_response|other;0.0686;0.069;0.066;0.0711;0.0264;0.0748;0.066;0.1838;0.0347;0.03;0.0951;0.0827;0.1271;0.0697;0.0701;0.0714;0.0679;0.1264;0.0685;0.0681;0.1181;0.1147;0.026;0.0773;0.0662;0.1792;0.0321;0.0301;0.1429;0.0955;0.0833;0.1264;.;0.079792;12336;154602;0.125;chr22;42127803;0.12766;94;CYP2D6;C>T;splice defect;rs28371725;Similar;Similar;Diferente;Similar;Diferente;Similar;Diferente;Similar;Diferente;Similar;Similar;Diferente;Similar;Diferente;Similar
22:42523943;chr22;42127941;42127941;G;A;exonic;"CYP2D6;CYP2D7";.;nonsynonymous SNV;CYP2D6:NM_001025161:exon5:c.C733T:p.R245C,CYP2D6:NM_000106:exon6:c.C886T:p.R296C;22q13.2;"Score=0.967208;Name=chr22:42135343";;;;;;rs16947;.;.;.;not_specified|not_provided;Benign;0.3898;0.391;0.3894;0.3902;0.5152;0.2281;0.3424;0.3973;0.1451;0.3902;0.3337;0.3784;0.3814;0.3857;0.387;0.3851;0.3864;0.5177;0.3831;0.382;0.5119;0.5095;0.5177;0.2306;0.3436;0.3939;0.148;0.3894;0.5102;0.3347;0.3782;0.3817;Uncertain significance;0.0080853;1250;154602;0.36;chr22;42127941;0.340426;94;CYP2D6;G>A;R296C;rs16947;;;;;;Similar;Diferente;Similar;Diferente;Similar;Similar;Diferente;Similar;Diferente;Similar
22:42524132;chr22;42128130;42128130;C;T;ncRNA_intronic;LOC101929829;.;.;.;22q13.2;"Score=0.967208;Name=chr22:42135343";0.0183706;0.007;0.0582;0.0101;;rs28371721;.;.;.;.;.;0.0182;0.0187;0.0184;0.0181;0.0513;0.0045;0.0114;0.029;0;0.004;0.002;0.0174;0.005;0.0174;0.0178;0.0172;0.0176;0.0518;0.0168;0.0166;0.05;0.0492;0.0518;0.0044;0.012;0.0292;0;0.0041;0.0238;0.002;0.0115;0.004;.;0.0067852;1049;154602;0.0102;chr22;42128130;0.0106383;94;CYP2D6;C>T;none;rs28371721;Similar;Similar;Similar;Similar;;Similar;Similar;Similar;Diferente;Similar;Similar;Similar;Similar;Diferente;Similar
22:42524175;chr22;42128174;42128176;CTT;-;exonic;"CYP2D6;CYP2D7";.;nonframeshift deletion;CYP2D6:NM_001025161:exon4:c.688_690del:p.230_230del,CYP2D6:NM_000106:exon5:c.841_843del:p.281_281del;22q13.2;"Score=0.967208;Name=chr22:42135343";0.0071885;0.0258;0.0008;0.013;;rs5030656;MedGen:CN078023|MedGen:CN517202;criteria_provided,_multiple_submitters,_no_conflicts;Likely_benign,_other;not_provided|Tramadol_response;Likely_benign|other;0.0179;0.018;0.0171;0.0187;0.0057;0;0.0214;0.003;0;0.0147;0.0284;0.0155;0.0007;0.0177;0.0178;0.0184;0.0169;0.0285;0.0171;0.0169;0.0274;0.027;0.0055;0;0.0204;0.0032;0;0.0146;0;0.0285;0.0183;0.0006;.;0.0035347;92;26028;0.02;chr22;42128173;0.0212766;94;CYP2D6;delCTT;K281del;rs5030656;Similar;Similar;Diferente;Similar;;Similar;Similar;Similar;Diferente;Similar;Similar;Similar;Similar;Diferente;Similar
22:42524323;chr22;42128321;42128321;A;G;exonic;"CYP2D6;CYP2D7";.;synonymous SNV;CYP2D6:NM_001025161:exon4:c.T543C:p.H181H,CYP2D6:NM_000106:exon5:c.T696C:p.H232H;22q13.2;"Score=0.967208;Name=chr22:42135343";;;;;;rs17002852;MedGen:CN078023;no_assertion_criteria_provided;drug_response;Tramadol_response;drug_response;0.0072;0.0073;0.0071;0.0073;0.0058;0.0022;0.0095;0.0172;0;0.0039;0.0077;0.0108;0.0112;0.0074;0.0075;0.0074;0.0074;0.014;0.007;0.0069;0.0113;0.0103;0.0058;0.0022;0.0095;0.0171;0.0002;0.004;0.0274;0.0079;0.0077;0.014;Likely benign;0.0065006;1005;154602;0.02174;chr22;42128321;0.0217391;92;CYP2D6;A>G;none;rs17002852;;;;;;Similar;Similar;Similar;Diferente;Similar;Similar;Similar;Similar;Diferente;Similar
22:42524696;chr22;42128694;42128694;T;C;ncRNA_intronic;LOC101929829;.;.;.;22q13.2;"Score=0.967208;Name=chr22:42135343";0.240615;0.2008;0.1233;0.1484;0.5754;rs2267447;MedGen:CN078023;no_assertion_criteria_provided;drug_response;Tramadol_response;drug_response;0.189;0.1896;0.184;0.1936;0.1321;0.2993;0.1531;0.2412;0.573;0.1118;0.2227;0.2012;0.1765;0.193;0.1936;0.1974;0.1883;0.5513;0.1911;0.1903;0.5343;0.5273;0.1319;0.2965;0.1533;0.2451;0.5513;0.1125;0.1199;0.2222;0.1781;0.1685;.;0.148993;3878;26028;0.1735;chr22;42128694;0.180851;94;CYP2D6;T>C;none;rs2267447;Similar;Similar;Similar;Similar;Diferente;Similar;Similar;Similar;Diferente;Similar;Similar;Similar;Similar;Diferente;Similar
22:42524708;chr22;42128706;42128706;T;C;ncRNA_intronic;LOC101929829;.;.;.;22q13.2;"Score=0.967208;Name=chr22:42135343";;;;;;rs111564371;MedGen:CN078023;no_assertion_criteria_provided;drug_response;Tramadol_response;drug_response;0.0002;0.0005;0.0002;0.0001;0.0003;0;0.00007419;0;0;9.639e-05;0.0002;0;0.0003;0.0002;0.0005;0.0001;0.0002;0.0002;0.0001;9.379e-05;0.0001;0.0001;0.0002;0;0.00006617;0;0;9.508e-05;0;0.0002;0;0.0002;.;0.0046488;121;26028;0.3061;chr22;42128706;0.319149;94;CYP2D6;T>C;none;rs111564371;;;;;;Diferente;Diferente;Diferente;Diferente;Diferente;Diferente;Diferente;Diferente;Diferente;Diferente
22:42524713;chr22;42128711;42128711;C;G;ncRNA_intronic;LOC101929829;.;.;.;22q13.2;"Score=0.967208;Name=chr22:42135343";;;;;;rs112568578;MedGen:CN078023;no_assertion_criteria_provided;drug_response;Tramadol_response;drug_response;0.00007773;0.0004;7.296e-05;8.221e-05;0.00004876;0;0.00007382;0;0;9.584e-05;0.0001;0;0;0.00007309;0.0004;7.796e-05;6.799e-05;0.0001;4.014e-05;3.159e-05;4.796e-05;3.359e-05;0.00004927;0;0.00006587;0;0;9.454e-05;0;0.0001;0;0;.;0.0047641;124;26028;0.32;chr22;42128711;0.319149;94;CYP2D6;C>G;none;rs112568578;;;;;;Diferente;Diferente;Diferente;Diferente;Diferente;Diferente;Diferente;Diferente;Diferente;Diferente
22:42524743;chr22;42128741;42128741;G;A;ncRNA_intronic;LOC101929829;.;.;.;22q13.2;"Score=0.967208;Name=chr22:42135343";;;;;;rs113889384;MedGen:CN078023;no_assertion_criteria_provided;drug_response;Tramadol_response;drug_response;0.0005;0.001;0.0005;0.0005;0.0006;0;0.00007398;0;0;0;0.0005;0.0005;0.0047;0.0006;0.0011;0.0005;0.0006;0.0051;0.0005;0.0004;0.0035;0.003;0.0006;0;0.00006599;0;0;0;0;0.0005;0.0005;0.0051;.;0.0592055;1541;26028;0.3;chr22;42128741;0.308511;94;CYP2D6;G>A;none;rs113889384;;;;;;Diferente;Diferente;Diferente;Diferente;Diferente;Diferente;Diferente;Diferente;Diferente;Diferente
22:42524795;chr22;42128793;42128793;A;G;exonic;"CYP2D6;CYP2D7";.;synonymous SNV;CYP2D6:NM_001025161:exon3:c.T504C:p.F168F,CYP2D6:NM_000106:exon4:c.T657C:p.F219F;22q13.2;"Score=0.967208;Name=chr22:42135343";;;;;;rs28371713;.;.;.;.;.;0.0043;0.0055;0.0044;0.0043;0.0084;0;0.0013;0.0015;0.0029;0.0087;0.0021;0.0052;0.0014;0.0042;0.0053;0.0042;0.0042;0.0085;0.0039;0.0038;0.0077;0.0075;0.0085;0;0.0017;0.0014;0.0027;0.009;0;0.0021;0.0024;0.0009;Benign;0.012309;1903;154602;0.3367;chr22;42128793;0.340426;94;CYP2D6;A>G;none;rs28371713;;;;;;Diferente;Diferente;Diferente;Diferente;Diferente;Diferente;Diferente;Diferente;Diferente;Diferente
22:42524817;chr22;42128815;42128815;C;T;exonic;"CYP2D6;CYP2D7";.;nonsynonymous SNV;CYP2D6:NM_001025161:exon3:c.G482A:p.G161E,CYP2D6:NM_000106:exon4:c.G635A:p.G212E;22q13.2;"Score=0.967208;Name=chr22:42135343";0.00439297;0.0179;0.0008;0.0029;;rs5030866;.;.;.;.;.;0.0081;0.0081;0.0087;0.0075;0.0021;0;0.0051;0.0117;0;0.0233;0.0108;0.0042;0.001;0.0079;0.0079;0.0074;0.0084;0.0107;0.0075;0.0074;0.01;0.0098;0.002;0;0.0049;0.0118;0;0.0239;0.0068;0.0107;0.0048;0.0008;Likely benign;0.0064359;995;154602;0.0102;chr22;42128815;0.0106383;94;CYP2D6;C>T;G212E;rs5030866;Similar;Similar;Similar;Similar;;Similar;Similar;Similar;Diferente;Similar;Similar;Similar;Similar;Diferente;Similar
22:42524947;chr22;42128945;42128945;C;T;splicing;"CYP2D6;CYP2D7";"NM_000106:exon4:c.506-1G>A;NM_001025161:exon3:c.353-1G>A;NM_001348386:exon4:c.506-1G>A";.;.;22q13.2;"Score=0.967208;Name=chr22:42135343";0.0930511;0.1859;0.0605;0.1297;0.002;rs3892097;MedGen:C1837156|MedGen:CN078013|MedGen:CN078023|MedGen:CN169374|MedGen:CN236466|MedGen:CN236477|MedGen:CN236505|MedGen:CN236523|MedGen:CN236529|MedGen:CN236532|MedGen:CN236538|MedGen:CN236546|MedGen:CN236584|MedGen:CN258189|MedGen:CN517202;reviewed_by_expert_panel;drug_response;Tramadol_response|Tamoxifen_response|Deutetrabenazine_response|not_specified|not_provided|Debrisoquine,_poor_metabolism_of;Likely_benign|drug_response|other;0.1427;0.1462;0.1365;0.1485;0.0776;0.2381;0.1312;0.182;0.0067;0.0963;0.1994;0.1475;0.1092;0.141;0.1447;0.1477;0.134;0.1986;0.1394;0.1388;0.1958;0.1946;0.0766;0.2383;0.1307;0.1843;0.0066;0.0969;0.102;0.1986;0.1413;0.1074;.;0.110096;17021;154602;0.1277;chr22;42128945;0.12766;94;CYP2D6;C>T;splice defect;rs3892097;Similar;Similar;Diferente;Similar;Diferente;Similar;Similar;Similar;Diferente;Similar;Similar;Similar;Similar;Diferente;Similar
22:42525085;chr22;42129084;42129084;A;-;exonic;"CYP2D6;CYP2D7";.;frameshift deletion;CYP2D6:NM_000106:exon3:c.454delT:p.W152fs;22q13.2;"Score=0.967208;Name=chr22:42135343";0.00479233;0.0199;0.0008;0.0029;;rs5030655;MedGen:C1837156|MedGen:CN078013|MedGen:CN258189|MedGen:CN517202;criteria_provided,_multiple_submitters,_no_conflicts;Likely_benign,_drug_response,_other;Tamoxifen_response|not_provided|Debrisoquine,_poor_metabolism_of|Deutetrabenazine_response;Benign/Likely_benign|drug_response|other;0.0087;0.0087;0.0092;0.0082;0.0023;0;0.0057;0.0117;0;0.0241;0.0118;0.0047;0.002;0.0085;0.0085;0.0082;0.0089;0.0117;0.0081;0.008;0.011;0.0108;0.0023;0;0.0054;0.0118;0;0.0246;0.0068;0.0117;0.0052;0.0015;.;0.0010758;28;26028;0.0102;chr22;42129083;0.0106383;94;CYP2D6;delA;W152fs;rs5030655;Similar;Similar;Similar;Similar;;Similar;Similar;Similar;Diferente;Similar;Similar;Similar;Similar;Diferente;Similar
22:42525132;chr22;42129130;42129130;C;G;exonic;"CYP2D6;CYP2D7";.;synonymous SNV;CYP2D6:NM_000106:exon3:c.G408C:p.V136V;22q13.2;"Score=0.967208;Name=chr22:42135343";;;;;;rs1058164;.;.;.;.;.;0.5723;0.5732;0.5673;0.577;0.6361;0.5159;0.4866;0.6375;0.7087;0.5003;0.5521;0.5712;0.5632;0.5723;0.5734;0.5759;0.5685;0.6887;0.5691;0.5677;0.6697;0.662;0.6385;0.5169;0.4882;0.6384;0.6887;0.5001;0.6319;0.5525;0.5531;0.5536;.;.;.;.;0.5306;chr22;42129130;0.521277;94;CYP2D6;C>G;none;rs1058164;;;;;;Similar;Similar;Similar;Diferente;Similar;Similar;Similar;Similar;Diferente;Similar
22:42525180;chr22;42129178;42129178;G;A;exonic;"CYP2D6;CYP2D7";.;synonymous SNV;CYP2D6:NM_000106:exon3:c.C360T:p.F120F;22q13.2;"Score=0.967208;Name=chr22:42135343";0.00199681;0.003;;0.0101;;rs61736507;.;.;.;.;.;0.0021;0.0021;0.0018;0.0024;0.0008;0;0.002;0.0033;0;0;0.0035;0.0028;0;0.0022;0.0022;0.0025;0.0018;0.0037;0.002;0.0019;0.0033;0.0031;0.0008;0;0.0022;0.0029;0;0;0;0.0037;0.0019;0;Likely benign;0.0015653;242;154602;0.0102;chr22;42129178;0.0106383;94;CYP2D6;G>A;none;rs61736507;Similar;Similar;;Similar;;Similar;Similar;Similar;Diferente;Similar;Similar;Similar;Similar;Diferente;Similar
22:42525416;chr22;42129414;42129414;G;C;ncRNA_intronic;LOC101929829;.;.;.;22q13.2;"Score=0.967208;Name=chr22:42135343";0.00199681;0.003;;0.0101;;rs143170489;.;.;.;.;.;0.0022;0.0022;0.0019;0.0025;0.0008;0;0.002;0.0036;0;0;0.0036;0.0028;0.001;0.0023;0.0023;0.0026;0.0019;0.0038;0.0021;0.002;0.0034;0.0033;0.0008;0;0.0022;0.0032;0;0;0;0.0038;0.0019;0.001;.;0.0006533;101;154602;0.01064;chr22;42129414;0.0106383;94;CYP2D6;G>C;none;rs143170489;Similar;Similar;;Similar;;Similar;Similar;Similar;Diferente;Similar;Similar;Similar;Similar;Diferente;Similar
22:42525500;chr22;42129498;42129498;C;T;ncRNA_intronic;LOC101929829;.;.;.;22q13.2;"Score=0.967208;Name=chr22:42135343";0.000399361;0.001;;0.0014;;rs189736703;.;.;.;.;.;0.0031;0.0031;0.0035;0.0027;0.0011;0;0.0085;0.0006;0;0.0005;0.0039;0.0075;0.0017;0.003;0.003;0.0026;0.0034;0.0081;0.0028;0.0027;0.0069;0.0065;0.001;0;0.0081;0.0006;0;0.0005;0;0.0039;0.0043;0.0012;.;0.0015752;41;26028;0.01042;chr22;42129498;0.0106383;94;CYP2D6;C>T;none;rs189736703;Similar;Similar;;Similar;;Similar;Similar;Similar;Diferente;Similar;Similar;Similar;Similar;Diferente;Similar
22:42525547;chr22;42129545;42129545;G;A;ncRNA_intronic;LOC101929829;.;.;.;22q13.2;"Score=0.967208;Name=chr22:42135343";0.00479233;0.0189;0.0015;0.0029;;rs267608277;.;.;.;.;.;0.0079;0.008;0.0085;0.0074;0.0021;0;0.0051;0.0117;0;0.023;0.0106;0.0047;0.0013;0.0078;0.0079;0.0073;0.0082;0.0105;0.0074;0.0073;0.0099;0.0096;0.002;0;0.0049;0.0118;0;0.0235;0.0068;0.0105;0.0052;0.001;.;0.0044952;117;26028;0.01042;chr22;42129545;0.0106383;94;CYP2D6;G>A;none;rs267608277;Similar;Similar;Similar;Similar;;Similar;Similar;Similar;Diferente;Similar;Similar;Similar;Similar;Diferente;Similar
22:42525625;chr22;42129623;42129623;C;T;ncRNA_intronic;LOC101929829;.;.;.;22q13.2;"Score=0.967208;Name=chr22:42135343";0.0207668;0.0676;0.0045;0.0375;;rs1081004;MedGen:CN078023;no_assertion_criteria_provided;drug_response;Tramadol_response;drug_response;0.0483;0.0485;0.0488;0.0479;0.0133;0.0872;0.0471;0.0464;0;0.0733;0.0707;0.0491;0.0132;0.0477;0.0479;0.048;0.0475;0.0708;0.0468;0.0464;0.0692;0.0685;0.0131;0.0894;0.0457;0.047;0;0.0725;0.034;0.0708;0.0557;0.011;.;0.0514062;1338;26028;0.07292;chr22;42129623;0.0744681;94;CYP2D6;C>T;none;rs1081004;Diferente;Similar;Diferente;Similar;;Similar;Diferente;Similar;Diferente;Similar;Similar;Diferente;Similar;Diferente;Similar
22:42525756;chr22;42129754;42129754;G;A;exonic;"CYP2D6;CYP2D7";.;synonymous SNV;CYP2D6:NM_000106:exon2:c.C336T:p.F112F,CYP2D6:NM_001025161:exon2:c.C336T:p.F112F;22q13.2;"Score=0.967208;Name=chr22:42135343";0.166933;0.0239;0.0923;0.0504;0.5704;rs1081003;.;.;.;.;.;0.058;0.0583;0.0594;0.0567;0.0836;0.0483;0.049;0.0548;0.559;0.0164;0.0251;0.0659;0.0808;0.0633;0.0636;0.061;0.0657;0.5371;0.0623;0.0618;0.5204;0.5136;0.0844;0.0455;0.0501;0.0559;0.5371;0.0163;0.0204;0.0254;0.0486;0.0772;Benign;0.0722242;11166;154602;0.0625;chr22;42129754;0.0638298;94;CYP2D6;G>A;none;rs1081003;Diferente;Similar;Similar;Similar;Diferente;Similar;Similar;Similar;Diferente;Similar;Similar;Similar;Similar;Diferente;Similar
22:42525798;chr22;42129796;42129796;G;C;exonic;"CYP2D6;CYP2D7";.;synonymous SNV;CYP2D6:NM_000106:exon2:c.C294G:p.T98T,CYP2D6:NM_001025161:exon2:c.C294G:p.T98T;22q13.2;"Score=0.967208;Name=chr22:42135343";0.0708866;0.1769;0.0204;0.098;0.002;rs28371705;.;.;.;.;.;0.1265;0.1284;0.1201;0.1324;0.0397;0.242;0.1061;0.1881;0.0032;0.0932;0.1952;0.1262;0.0913;0.1253;0.1271;0.132;0.1182;0.1945;0.1238;0.1231;0.1917;0.1906;0.0387;0.2404;0.1045;0.1904;0.0041;0.0939;0.0959;0.1945;0.1252;0.0881;Benign;0.0101163;1564;154602;0.09375;chr22;42129796;0.0957447;94;CYP2D6;G>C;none;rs28371705;Similar;Similar;Diferente;Similar;Diferente;Similar;Diferente;Similar;Diferente;Similar;Similar;Diferente;Similar;Diferente;Similar
22:42525811;chr22;42129809;42129809;T;C;exonic;"CYP2D6;CYP2D7";.;nonsynonymous SNV;CYP2D6:NM_000106:exon2:c.A281G:p.H94R,CYP2D6:NM_001025161:exon2:c.A281G:p.H94R;22q13.2;"Score=0.967208;Name=chr22:42135343";0.0692891;0.173;0.0204;0.0951;0.001;rs28371704;MedGen:CN078023;no_assertion_criteria_provided;drug_response;Tramadol_response;drug_response;0.1248;0.1277;0.1181;0.1311;0.0392;0.2338;0.1043;0.1867;0.0026;0.0925;0.1928;0.1258;0.0901;0.1238;0.1269;0.1309;0.1164;0.1925;0.1223;0.1217;0.1898;0.1886;0.0383;0.2328;0.1028;0.1888;0.0027;0.0934;0.0986;0.1925;0.1227;0.0858;Benign;0.0527509;1373;26028;0.1042;chr22;42129809;0.106383;94;CYP2D6;T>C;H94R;rs28371704;Similar;Similar;Diferente;Similar;Diferente;Similar;Diferente;Similar;Diferente;Similar;Similar;Diferente;Similar;Diferente;Similar
22:42525821;chr22;42129819;42129819;G;T;exonic;"CYP2D6;CYP2D7";.;nonsynonymous SNV;CYP2D6:NM_000106:exon2:c.C271A:p.L91M,CYP2D6:NM_001025161:exon2:c.C271A:p.L91M;22q13.2;"Score=0.967208;Name=chr22:42135343";0.0692891;0.173;0.0204;0.0951;0.001;rs28371703;MedGen:CN078023;no_assertion_criteria_provided;drug_response;Tramadol_response;drug_response;0.1239;0.1275;0.1173;0.13;0.0384;0.229;0.1024;0.1832;0.0022;0.0921;0.192;0.1264;0.0885;0.1229;0.1266;0.1298;0.1157;0.1918;0.1214;0.1208;0.1891;0.1879;0.0376;0.2285;0.1011;0.1858;0.0027;0.0929;0.0959;0.1918;0.1215;0.0854;Benign;0.0506762;1319;26028;0.1042;chr22;42129819;0.106383;94;CYP2D6;G>T;L91M;rs28371703;Similar;Similar;Diferente;Similar;Diferente;Similar;Diferente;Similar;Diferente;Similar;Similar;Diferente;Similar;Diferente;Similar
22:42526484;chr22;42130482;42130482;C;A;ncRNA_intronic;LOC101929829;.;.;.;22q13.2;"Score=0.967208;Name=chr22:42135343";;;;;;rs28371699;.;.;.;.;.;0.5992;0.6078;0.592;0.6058;0.7361;0.5186;0.4886;0.6412;0.7074;0.4814;0.5508;0.5855;0.5441;0.5977;0.6059;0.6029;0.5922;0.7391;0.5944;0.593;0.7319;0.729;0.7391;0.5205;0.4907;0.642;0.6901;0.4814;0.6458;0.5516;0.568;0.5378;.;3.84e-05;1;26028;0.55;chr22;42130482;0.531915;94;CYP2D6;C>A;none;rs28371699;;;;;;Similar;Diferente;Similar;Diferente;Similar;Similar;Diferente;Similar;Diferente;Similar
22:42526524;chr22;42130522;42130522;G;A;ncRNA_intronic;LOC101929829;.;.;.;22q13.2;"Score=0.967208;Name=chr22:42135343";0.0161741;0.0298;0.0091;0.0346;;rs29001678;.;.;.;.;.;0.0233;0.0235;0.0221;0.0244;0.0085;0.0141;0.0202;0.061;0.001;0.016;0.0341;0.0162;0.0173;0.0233;0.0236;0.0246;0.022;0.0342;0.0227;0.0224;0.033;0.0325;0.0085;0.014;0.0203;0.0601;0.0012;0.0161;0.0286;0.0342;0.0164;0.0192;.;0.0087598;228;26028;0.03061;chr22;42130522;0.0319149;94;CYP2D6;G>A;none;rs29001678;Similar;Similar;Similar;Similar;;Similar;Similar;Similar;Diferente;Similar;Similar;Similar;Similar;Diferente;Similar
22:42526694;chr22;42130692;42130692;G;A;exonic;"CYP2D6;CYP2D7";.;nonsynonymous SNV;CYP2D6:NM_000106:exon1:c.C100T:p.P34S,CYP2D6:NM_001025161:exon1:c.C100T:p.P34S;22q13.2;"Score=0.967208;Name=chr22:42135343";0.238019;0.2018;0.1127;0.1484;0.5714;rs1065852;MedGen:C1837156|MedGen:CN078013|MedGen:CN078023|MedGen:CN169374|MedGen:CN258189|MedGen:CN517202;criteria_provided,_multiple_submitters,_no_conflicts;Likely_benign,_drug_response,_other;not_specified|Deutetrabenazine_response|not_provided|Tramadol_response|Tamoxifen_response|Debrisoquine,_poor_metabolism_of;Likely_benign|drug_response|other;0.1865;0.1866;0.1815;0.1912;0.1247;0.3029;0.1531;0.242;0.5647;0.1118;0.223;0.195;0.1751;0.1904;0.1905;0.1949;0.1857;0.5414;0.1886;0.1878;0.5246;0.5177;0.1243;0.3007;0.1529;0.2458;0.5414;0.1126;0.119;0.2226;0.1748;0.1666;Benign;0.0003458;9;26028;0.19;chr22;42130692;0.180851;94;CYP2D6;G>A;P34S;rs1065852;Similar;Similar;Similar;Similar;Diferente;Similar;Similar;Similar;Diferente;Similar;Similar;Similar;Similar;Diferente;Similar
22:42526763;chr22;42130761;42130761;C;T;exonic;"CYP2D6;CYP2D7";.;nonsynonymous SNV;CYP2D6:NM_000106:exon1:c.G31A:p.V11M,CYP2D6:NM_001025161:exon1:c.G31A:p.V11M;22q13.2;"Score=0.967208;Name=chr22:42135343";0.0167732;0.0527;0.0023;0.0274;0.003;rs769258;MedGen:CN078023|MedGen:CN517202;criteria_provided,_single_submitter;Likely_benign;Tramadol_response|not_provided;Likely_benign;0.0393;0.0397;0.039;0.0396;0.0096;0.0045;0.0215;0.0343;0.0035;0.07;0.0613;0.0337;0.008;0.0387;0.0392;0.0394;0.038;0.0612;0.0379;0.0376;0.0596;0.059;0.0092;0.0044;0.0222;0.0337;0.0027;0.0693;0.0612;0.0612;0.0363;0.0077;Benign;0.0339194;5244;154602;0.05;chr22;42130761;0.0531915;94;CYP2D6;C>T;V11M;rs769258;Similar;Similar;Diferente;Similar;Diferente;Similar;Diferente;Similar;Diferente;Similar;Similar;Diferente;Similar;Diferente;Similar
7:99355806;chr7;99758183;99758183;-;T;exonic;CYP3A4;.;frameshift insertion;CYP3A4:NM_001202855:exon13:c.1458dupA:p.P487fs,CYP3A4:NM_017460:exon13:c.1461dupA:p.P488fs;7q22.1;"Score=0.901791;Name=chr7:99695024";;;;;;rs67666821;.;.;.;not_provided;Likely_benign;0.0004;0.0004;0.0003;0.0004;0.0000714;0;0.0016;0;0;0;0.0004;0.0005;0;0.0004;0.0004;0.0004;0.0003;0.0015;0.0003;0.0003;0.001;0.0009;0.00004813;0;0.0015;0;0;0;0;0.0004;0.0014;0;.;0.0002199;34;154602;0.02;chr7;99758183;0.0212766;94;CYP3A4;insT;P488fs;rs67666821;;;;;;Diferente;Diferente;Diferente;Diferente;Diferente;Diferente;Diferente;Diferente;Diferente;Diferente
7:99358524;chr7;99760901;99760901;A;G;exonic;CYP3A4;.;nonsynonymous SNV;CYP3A4:NM_001202855:exon12:c.T1331C:p.M444T,CYP3A4:NM_017460:exon12:c.T1334C:p.M445T;7q22.1;"Score=0.901791;Name=chr7:99695024";0.00259585;0.007;0.0008;0.0072;;rs4986910;.;.;.;.;.;0.0051;0.0051;0.0056;0.0046;0.001;0.0156;0.0014;0;0;0.0209;0.0065;0.007;0;0.005;0.005;0.0046;0.0054;0.0065;0.0047;0.0045;0.006;0.0058;0.001;0.0154;0.0018;0;0;0.0206;0;0.0065;0.0038;0;Uncertain significance;0.0052522;812;154602;0.01;chr7;99760901;0.0106383;94;CYP3A4;A>G;M445T;rs4986910;Similar;Similar;Similar;Similar;;Similar;Similar;Similar;Diferente;Similar;Similar;Similar;Similar;Diferente;Similar
7:99366316;chr7;99768693;99768693;G;A;intronic;CYP3A4;.;.;.;7q22.1;"Score=0.901791;Name=chr7:99695024";0.014976;0.0497;0.0008;0.0259;;rs35599367;.;.;.;.;.;0.0321;0.0321;0.032;0.0321;0.0092;0.0558;0.0258;0.0584;0;0.036;0.0488;0.0261;0.0073;0.0317;0.0318;0.0322;0.0313;0.0492;0.031;0.0307;0.0479;0.0473;0.0088;0.0538;0.0255;0.0582;0;0.0355;0.017;0.0492;0.0227;0.0091;.;0.0370755;965;26028;0.02;chr7;99768693;0.0212766;94;CYP3A4;G>A;splice defect;rs35599367;Similar;Similar;Diferente;Similar;;Similar;Similar;Similar;Diferente;Similar;Similar;Similar;Similar;Diferente;Similar
7:99382096;chr7;99784473;99784473;C;T;upstream;CYP3A4;dist=289;.;.;7q22.1;"Score=0.901791;Name=chr7:99695024";0.769169;0.9722;0.2345;0.8948;0.996;rs2740574;.|.|MedGen:CN236545;reviewed_by_expert_panel;drug_response;CYP3A4_PROMOTER_POLYMORPHISM|Cyp3a4-v;Benign;0.7791;0.7788;0.7869;0.7718;0.3638;0.9143;0.8897;0.9527;0.9987;0.9627;0.9643;0.8144;0.9739;0.7906;0.7907;0.784;0.7974;0.9981;0.7868;0.7853;0.9754;0.9661;0.3589;0.911;0.8873;0.9535;0.9981;0.9631;0.9218;0.9649;0.8411;0.9698;.;0.899877;23422;26028;0.9184;chr7;99784473;0.914894;94;CYP3A4;C>T;none;rs2740574;Diferente;Similar;Diferente;Similar;Diferente;Diferente;Diferente;Similar;Diferente;Similar;Diferente;Diferente;Similar;Diferente;Similar
