Sample;Edad;Peso;Altura;Cintura;DNORMA;IMC;IMCtipo;Obeso;Sexo;Dosis_Total;Dosis_cat;Valproatos;Vaselina_Lact;Omeprazol;Sertralina;Ciprofibrato;Aripiprazol;Antidiabetico;Hipolipemiante;BDZ;Quetiapina;Antidepresivo;Cafe;Cafe_ml;Cafe_cat;Tabaco;Cigarros;Cigarro_num;Cantcig2;Cigarro_cat;Yerba;Yerba_ml;Yerba_cat;Te;Te_ml;Te_cat;Hierbas;Glicemia;HDL;CLZ;Trigliceridos;SM_ALAD;Rango_Terap;NCLZ;CLZ_NCLZ;NCLZ_CLZ;CLZ_D;CLZ_DNORM;THC;Ascendencia;Sialorrea;Sugerencia_PK;Sugerencia_IP;CYP1A2_Genotype;CYP1A2_Metabolizador;CYP1A2_1;CYP1A2_30;CYP2C19_Genotype;CYP2C19_Metabolizador;CYP2C19_1;CYP2C19_2;CYP2C19_6;CYP2C19_17;CYP2C19_38;CYP2D6_Genotype;CYP2D6_Metabolizador;CYP2D6_1;CYP2D6_2;CYP2D6_3;CYP2D6_4;CYP2D6_6;CYP2D6_9;CYP2D6_10;CYP2D6_35;CYP2D6_39;CYP2D6_41;CYP2D6_56;CYP2D6_65;CYP2D6_106;CYP2D6_139;CYP3A4_Genotype;CYP3A4_Metabolizador;CYP3A4_1;CYP3A4_3;CYP3A4_20;CYP3A4_22;NCLZ_DNORM;Xantinas
barcode_abril23_1.printed;41;93.5;1.7;97;2.139037433;32.35294118;Obeso;SI;F;200;100-200;SI;NO;NO;NO;NO;NO;NO;NO;NO;NO;NO;SI;250;201-300;SI;5;10 o menos;10 o menos;<10;NO;0;0;NO;0;0;NO;0.93;28.6;764.5;92;NO;Encima;299.7;2.550884218;0.392020929;3.8225;357.40375;0;Europeo/Mediterraneo;SI;LENTO;Ultra rapido;*30/*30;Ultra rapido;0;2;*1 / *17;rapido;1;0;0;1;0;*1 / *35;Normal;1;0;0;0;0;0;0;1;0;0;0;0;0;0;*1 / *1;Normal;2;0;0;0;140.10975;SI
barcode_abril23_3.printed;38;98;1.73;118;4.081632653;32.74416118;Obeso;SI;M;400;301-400;NO;NO;NO;SI;NO;NO;SI;SI;SI;NO;SI;NO;0;0;NO;0;0;0;0;SI;1000;1000-2000;NO;0;0;NO;1.08;53.3;828.5;211;SI;Encima;270.1;3.067382451;0.326010863;2.07125;202.9825;0;Europeo/Mediterraneo;SI;LENTO;Normal;*30/*30;Ultra rapido;0;2;*1 / *17;rapido;1;0;0;1;0;*1 / *2;Normal;1;1;0;0;0;0;0;0;0;0;0;0;0;0;*1 / *1;Normal;2;0;0;0;66.1745;SI
barcode_abril23_5.printed;47;81;1.64;98;4.938271605;30.11600238;Obeso;SI;M;400;301-400;NO;NO;NO;NO;NO;NO;NO;NO;NO;NO;NO;NO;0;0;SI;20;11 a 20;11 a 20;44105;SI;2000;1000-2000;NO;0;0;NO;1.32;35.9;237.9;213;SI;Debajo;203;1.171921182;0.853299706;0.59475;48.17475;0;Europeo/Mediterraneo;NO;RAPIDA;Rapido a ultra rapido;*30/*30;Ultra rapido;0;2;*1 / *17;rapido;1;0;0;1;0;*1 / *41;Intermedio;1;0;0;0;0;0;0;0;0;1;0;0;0;0;*1 / *1;Normal;2;0;0;0;41.1075;SI
barcode_abril23_6.printed;63;74.8;1.6;100;5.347593583;29.21875;Superior;NO;M;400;301-400;NO;NO;NO;NO;NO;NO;SI;NO;NO;NO;NO;SI;100;NA;SI;35;21 a 40;Más de 20;>20;SI;2000;1000-2000;NO;0;0;NO;1.38;52.4;115.6;85;NO;Debajo;85.78;1.347633;0.7420415;0.289;21.6172;0;Europeo/Mediterraneo;NO;ULTRA RAPIDA;Pobre a normal;*1/*30;rapido;1;1;*2 / *17;Intermedio;0;1;0;1;0;*4 / *35;Intermedio;0;0;0;1;0;0;0;1;0;0;0;0;0;0;*1 / *1;Normal;2;0;0;0;16.04086;SI
barcode_abril23_7.printed;55;42;1.51;76;9.52381;18.42024;Normal;NO;F;400;301-400;NO;NO;NO;NO;NO;SI;NO;NO;SI;NO;NO;NO;0;0;SI;10;10 o menos;10 o menos;<10;NO;0;0;NO;0;0;NO;1.06;36.6;478.1;129;NO;Rango;192.2;2.487513;0.4020079;1.19525;50.2005;0;Europeo/Mediterraneo;NO;NORMAL;Ultra rapido;*30/*30;Ultra rapido;0;2;*1 / *1;Normal;2;0;0;0;0;*4 / *139;Unknown;0;0;0;1;0;0;0;0;0;0;0;0;0;1;*1 / *1;Normal;2;0;0;0;20.18099899;NO
barcode_abril23_9.printed;27;95.7;1.56;112;1.567398;39.32446;Obeso;SI;F;150;100-200;NO;NO;NO;SI;NO;NO;NO;NO;NO;NO;SI;SI;250;201-300;NO;0;0;0;0;SI;1000;1000-2000;NO;0;0;NO;0.92;61;140.1;100;NO;Debajo;94.38;1.484425;0.6736617;0.934;89.3838;0;Europeo/Mediterraneo;SI;RAPIDA;Ultra rapido;*1/*30;rapido;1;1;*1 / *1;Normal;2;0;0;0;0;*2 / *41;Intermedio;0;1;0;0;0;0;0;0;0;1;0;0;0;0;*1 / *1;Normal;2;0;0;0;60.21444458;SI
barcode_abril23_10.printed;57;40;1.58;69;7.5;16.02307;Normal;NO;F;300;201-300;NO;NO;NO;SI;NO;NO;NO;NO;NO;NO;SI;NO;0;0;SI;5;10 o menos;10 o menos;<10;SI;2000;1000-2000;NO;0;0;NO;0.93;67.8;410;110;NO;Rango;244.2;1.678952;0.5956098;1.366667;54.66667;0;Europeo/Mediterraneo;SI;NORMAL;Normal;*1/*30;rapido;1;1;*2 / *2;Pobre;0;2;0;0;0;*1 / *1;Normal;2;0;0;0;0;0;0;0;0;0;0;0;0;0;*1 / *1;Normal;2;0;0;0;32.56;SI
barcode_ago22_1.printed;48;83;1.79;100;7.228916;25.90431;Superior;NO;M;600;>501;SI;NO;NO;NO;NO;NO;SI;SI;NO;NO;NO;SI;250;201-300;SI;60;50 a 60;Más de 20;>20;SI;3000;>2000;NO;0;0;NO;2.85;26;430.8;115;SI;Rango;113.5;3.795595;0.2634633;0.718;59.594;0;Europeo/Mediterraneo;NO;RAPIDA;Rapido a ultra rapido;*30/*30;Ultra rapido;0;2;*1 / *17;rapido;1;0;0;1;0;*1 / *2;Normal;1;1;0;0;0;0;0;0;0;0;0;0;0;0;*1 / *1;Normal;2;0;0;0;15.7008326;SI
barcode_ago22_2.printed;41;87;1.84;103;6.896552;25.69707;Superior;NO;M;600;>501;NO;NO;NO;NO;NO;NO;NO;NO;NO;NO;NO;NO;0;0;SI;10;10 o menos;10 o menos;<10;NO;0;0;NO;0;0;NO;1.18;33.7;477.3;73;NO;Rango;215.9;2.210746;0.4523361;0.7955;69.2085;0;Europeo/Mediterraneo;SI;RAPIDA;Ultra rapido;*30/*30;Ultra rapido;0;2;*1 / *2;Intermedio;1;1;0;0;0;*1 / *139;Unknown;1;0;0;0;0;0;0;0;0;0;0;0;0;1;*1 / *1;Normal;2;0;0;0;31.30549875;NO
barcode_ago22_3.printed;33;65;1.65;76;6.153846;23.87511;Normal;NO;M;400;401-500;NO;NO;NO;NO;NO;NO;SI;NO;NO;NO;NO;NO;0;0;SI;10;10 o menos;10 o menos;<10;NO;0;0;NO;0;0;NO;1.1;33;304.4;169;NO;Debajo;130.3;2.336147;0.4280552;0.761;49.465;0;0;NO;RAPIDA;Ultra rapido;*1/*30;rapido;1;1;*1 / *2;Intermedio;1;1;0;0;0;*2 / *41;Intermedio;0;1;0;0;0;0;0;0;0;1;0;0;0;0;*1 / *1;Normal;2;0;0;0;21.17375053;NO
barcode_ago22_4.printed;65;72.4;1.51;103;2.762431;31.75299;Obeso;SI;M;200;100-200;NO;NO;NO;NO;NO;NO;NO;SI;SI;NO;NO;NO;0;0;NO;0;0;0;0;SI;0;0;NO;250;>200;SI;1.24;54.3;435;188;NO;Rango;209.5;2.076372;0.4816092;2.175;157.47;0;Europeo/Mediterraneo;NO;LENTO;Pobre a normal;*1/*30;rapido;1;1;*1 / *17;rapido;1;0;0;1;0;*1 / *41;Intermedio;1;0;0;0;0;0;0;0;0;1;0;0;0;0;*1 / *22;Intermedio;1;0;0;1;75.83899833;SI
barcode_ago22_5.printed;34;78;1.61;111;3.846154;30.09143;Obeso;SI;F;300;201-300;NO;SI;NO;NO;NO;NO;NO;NO;NO;NO;NO;NO;0;0;NO;0;0;0;0;NO;0;0;NO;0;0;NO;1.11;43.6;1019.7;91;NO;Encima;397.4;2.565929;0.3897225;3.399;265.122;0;Europeo/Mediterraneo;SI;LENTO;Normal;*30/*30;Ultra rapido;0;2;*1 / *1;Normal;2;0;0;0;0;*1 / *41;Intermedio;1;0;0;0;0;0;0;0;0;1;0;0;0;0;*1 / *1;Normal;2;0;0;0;103.3239959;NO
barcode_ago22_6.printed;41;86.4;1.62;113;5.208333;32.92181;Obeso;SI;F;450;401-500;NO;NO;NO;NO;SI;NO;NO;SI;NO;NO;SI;SI;250;201-300;NO;0;0;0;0;SI;500;<1000;NO;0;0;SI;1.03;170;873.8;88;NO;Encima;680.8;1.28349;0.7791257;1.941778;167.7696;0;Europeo/Mediterraneo;SI;LENTO;Normal a rapido;*1/*30;rapido;1;1;*2 / *17;Intermedio;0;1;0;1;0;*4 / *41;Pobre;0;0;0;1;0;0;0;0;0;1;0;0;0;0;*1 / *20;Unknown;1;0;1;0;130.7136084;SI
barcode_ago22_7.printed;36;89;1.72;106;1.685393;30.08383;Obeso;SI;M;150;100-200;NO;NO;NO;SI;NO;SI;NO;NO;NO;NO;SI;NO;0;0;NO;0;0;0;0;NO;0;0;NO;0;0;NO;1.2;50.8;263.1;89;NO;Debajo;169.8;1.54947;0.645382;1.754;156.106;0;Europeo/Mediterraneo;SI;LENTO;Normal a rapido;*1/*30;rapido;1;1;*1 / *1;Normal;2;0;0;0;0;*1 / *106;Unknown;1;0;0;0;0;0;0;0;0;0;0;0;1;0;*1 / *1;Normal;2;0;0;0;100.7480154;NO
barcode_ago22_8.printed;44;58.2;1.6;97;11.16838;22.73438;Normal;NO;F;650;>501;NO;NO;NO;NO;NO;NO;NO;NO;SI;SI;NO;SI;250;201-300;SI;30;21 a 40;Más de 20;>20;SI;1000;1000-2000;NO;0;0;NO;1.02;58.2;419.1;35;NO;Rango;579.4;0.7233345;1.382486;0.6447692;37.52557;0;Europeo/Mediterraneo;SI;RAPIDA;Rapido a ultra rapido;*30/*30;Ultra rapido;0;2;*1 / *1;Normal;2;0;0;0;0;*2 / *4;Intermedio;0;1;0;1;0;0;0;0;0;0;0;0;0;0;*1 / *1;Normal;2;0;0;0;51.87860728;SI
barcode_ago22_9.printed;40;82;1.68;99;4.878049;29.05329;Superior;NO;F;400;401-500;NO;NO;NO;NO;NO;NO;NO;NO;SI;NO;NO;SI;250;201-300;SI;20;11 a 20;11 a 20;44105;SI;2000;1000-2000;NO;0;0;NO;1.04;57.7;280.1;91.8;NO;Debajo;143.1;1.957372;0.510889;0.70025;57.4205;0;Europeo/Mediterraneo;NO;RAPIDA;Ultra rapido;*1/*30;rapido;1;1;*1 / *17;rapido;1;0;0;1;0;*39 / *65;Uncertain;0;0;0;0;0;0;0;0;1;0;0;1;0;0;*1 / *1;Normal;2;0;0;0;29.33549868;SI
barcode_ago22_10.printed;31;69;1.64;91;2.898551;25.65437;Superior;NO;F;200;100-200;NO;NO;NO;NO;NO;NO;NO;NO;NO;NO;NO;SI;250;201-300;NO;0;0;0;0;SI;500;<1000;NO;0;0;NO;0.97;43.3;299.1;72;NO;Debajo;124.3;2.406275;0.4155801;1.4955;103.1895;0;Europeo/Mediterraneo;SI;NORMAL;Normal a rapido;*1/*1;Normal;2;0;*1 / *1;Normal;2;0;0;0;0;*2 / *4;Intermedio;0;1;0;1;0;0;0;0;0;0;0;0;0;0;*1 / *1;Normal;2;0;0;0;42.88349593;SI
barcode_dic22_1.printed;36;107;1.78;110;2.336449;33.77099;Obeso;SI;M;250;201-300;SI;NO;NO;SI;NO;SI;NO;SI;NO;NO;SI;SI;300;201-300;SI;50;50 a 60;Más de 20;>20;NO;0;0;NO;0;0;NO;0.92;36;176.2;395;SI;Debajo;97.7;1.80348;0.5544835;0.7048;75.4136;0;Europeo/Mediterraneo;SI;RAPIDA;Rapido a ultra rapido;*1/*30;rapido;1;1;*1 / *2;Intermedio;1;1;0;0;0;*1 / *6;Intermedio;1;0;0;0;1;0;0;0;0;0;0;0;0;0;*1 / *1;Normal;2;0;0;0;41.81559281;SI
barcode_dic22_2.printed;33;100;1.8;100;4.25;30.8642;Obeso;SI;M;425;401-500;SI;SI;NO;SI;NO;NO;NO;NO;NO;NO;SI;SI;250;201-300;NO;0;0;0;0;SI;1500;1000-2000;SI;250;>200;NO;1.19;38.6;1807.8;466;SI;Encima;763;2.369332;0.42206;4.253647;425.3647;0;0;SI;LENTO;Normal a rapido;*30/*30;Ultra rapido;0;2;*1 / *1;Normal;2;0;0;0;0;*4 / *41;Pobre;0;0;0;1;0;0;0;0;0;1;0;0;0;0;*1 / *1;Normal;2;0;0;0;179.5294118;SI
barcode_dic22_3.printed;37;77;1.74;68;3.246753;25.43269;Superior;NO;M;250;201-300;NO;NO;NO;NO;NO;NO;NO;NO;NO;NO;NO;NO;0;0;SI;40;21 a 40;Más de 20;>20;SI;1000;1000-2000;NO;0;0;NO;1.09;32.3;126.8;103;NO;Debajo;113.3;1.119153;0.8935331;0.5072;39.0544;0;Europeo/Mediterraneo;SI;RAPIDA;Rapido a ultra rapido;*30/*30;Ultra rapido;0;2;*1 / *17;rapido;1;0;0;1;0;*1 / *1;Normal;2;0;0;0;0;0;0;0;0;0;0;0;0;0;*1 / *1;Normal;2;0;0;0;34.89640265;SI
barcode_dic22_4.printed;36;103;1.68;115;2.427184;36.49376;Obeso;SI;F;250;201-300;NO;NO;NO;SI;NO;NO;SI;SI;SI;NO;SI;NO;0;0;SI;10;10 o menos;10 o menos;<10;SI;1000;1000-2000;NO;0;0;NO;1.31;37.6;179.2;146;SI;Debajo;95.07;1.884927;0.5305246;0.7168;73.8304;0;Europeo/Mediterraneo;SI;RAPIDA;Rapido a ultra rapido;*1/*30;rapido;1;1;*1 / *38;Normal;1;0;0;0;1;*1 / *4;Intermedio;1;0;0;1;0;0;0;0;0;0;0;0;0;0;*3/*22;Unknown;0;1;0;1;39.16884752;SI
barcode_dic22_5.printed;31;97.2;1.6;113;3.08642;37.96875;Obeso;SI;F;300;201-300;NO;NO;NO;NO;NO;NO;NO;NO;SI;NO;NO;SI;250;201-300;NO;0;0;0;0;SI;1000;1000-2000;SI;250;>200;NO;1.07;52.3;1190.1;68;NO;Encima;864.9;1.375997;0.7267457;3.967;385.5924;0;Europeo/Mediterraneo;SI;LENTO;Normal;*1/*1;Normal;2;0;*1 / *1;Normal;2;0;0;0;0;*35 / *56;Intermedio;0;0;0;0;0;0;0;1;0;0;1;0;0;0;*1 / *1;Normal;2;0;0;0;280.2275776;SI
barcode_dic22_6.printed;41;61.2;1.75;85;4.084967;19.98367;Normal;NO;M;250;201-300;NO;NO;NO;NO;NO;NO;NO;NO;NO;NO;NO;NO;0;0;NO;0;0;0;0;NO;0;0;SI;250;>200;NO;1.22;55.5;183.9;61;NO;Debajo;114.2;1.610333;0.6209897;0.7356;45.01872;0;Afro;NO;RAPIDA;Rapido a ultra rapido;*30/*30;Ultra rapido;1;1;*1 / *17;rapido;1;0;0;1;0;*4 / *41;Pobre;0;0;0;1;0;0;0;0;0;1;0;0;0;0;*1 / *1;Normal;2;0;0;0;27.95616219;SI
barcode_dic22_7.printed;47;107;1.63;96;2.336449;40.2725;Obeso;SI;F;250;201-300;NO;NO;NO;NO;NO;NO;SI;SI;SI;NO;NO;NO;0;0;NO;0;0;0;0;NO;0;0;NO;0;0;NO;1.86;55.6;921.9;87;SI;Encima;498.3;1.85009;0.5405142;3.6876;394.5732;0;Europeo/Mediterraneo;SI;LENTO;Ultra rapido;*1/*30;rapido;1;1;*1 / *38;Normal;1;0;0;0;1;*1 / *2;Normal;1;1;0;0;0;0;0;0;0;0;0;0;0;0;*1 / *1;Normal;2;0;0;0;213.2723633;NO
barcode_dic22_8.printed;43;78;1.78;97;3.846154;24.6181;Normal;NO;M;300;201-300;NO;NO;NO;NO;NO;NO;NO;NO;SI;NO;NO;SI;400;> 300;SI;30;21 a 40;Más de 20;>20;SI;1000;1000-2000;NO;0;0;NO;0.9;48.3;73;65;NO;Debajo;94.1;0.7757705;1.289041;0.2433333;18.98;0;Europeo/Mediterraneo;NO;ULTRA RAPIDA;Ultra rapido;*30/*30;Ultra rapido;0;2;*1 / *1;Normal;2;0;0;0;0;*35 / *41;Intermedio;0;0;0;0;0;0;0;1;0;1;0;0;0;0;*1 / *1;Normal;2;0;0;0;24.46599902;SI
barcode_dic22_9.printed;35;83;1.84;98;3.614458;24.5156;Normal;NO;M;300;201-300;NO;NO;NO;NO;NO;NO;NO;NO;NO;NO;NO;NO;0;0;SI;20;11 a 20;11 a 20;44105;SI;1000;1000-2000;NO;0;0;NO;0.8;29;73;157;SI;Debajo;93.5;0.7807487;1.280822;0.2433333;20.19667;0;Europeo/Mediterraneo;NO;ULTRA RAPIDA;Normal a rapido;*30/*30;Ultra rapido;0;2;*1 / *2;Intermedio;1;1;0;0;0;*1 / *10;Intermedio;1;0;0;0;0;0;1;0;0;0;0;0;0;0;*1 / *1;Normal;2;0;0;0;25.86833213;SI
barcode_dic22_10.printed;41;52;1.6;79;4.807692;20.3125;Normal;NO;F;250;201-300;SI;SI;NO;SI;NO;NO;NO;NO;SI;NO;SI;NO;0;0;NO;0;0;0;0;NO;0;0;NO;0;0;NO;1.03;51.8;112.9;62;NO;Debajo;76;1.485526;0.6731621;0.4516;23.4832;0;Europeo/Mediterraneo;SI;ULTRA RAPIDA;Pobre a normal;*30/*30;Ultra rapido;0;2;*1 / *17;rapido;1;0;0;1;0;*1 / *1;Normal;2;0;0;0;0;0;0;0;0;0;0;0;0;0;*1 / *20;Unknown;1;0;1;0;15.80800101;NO
barcode_feb23_1.printed;25;86;1.74;91;0.872093;28.40534;Superior;NO;M;75;<100;NO;NO;NO;NO;NO;NO;NO;NO;NO;NO;NO;SI;250;201-300;NO;0;0;0;0;NO;0;0;NO;0;0;SI;1.04;41.8;126.5;55;NO;Debajo;76;1.664474;0.6007905;1.686667;145.0533;0;Europeo/Mediterraneo;SI;LENTO;Normal a rapido;*30/*30;Ultra rapido;0;2;*1 / *17;rapido;1;0;0;1;0;*1 / *2;Normal;1;1;0;0;0;0;0;0;0;0;0;0;0;0;*1 / *1;Normal;2;0;0;0;87.14666899;SI
barcode_feb23_2.printed;54;71;1.65;94;2.816901;26.07897;Superior;NO;F;200;100-200;NO;NO;SI;SI;NO;NO;NO;SI;SI;NO;SI;NO;0;0;SI;4;10 o menos;10 o menos;<10;SI;500;<1000;SI;250;>200;NO;1.46;41;506.8;225;SI;Rango;402.2;1.26007;0.7936069;2.534;179.914;0;Europeo/Mediterraneo;SI;LENTO;Normal;*1/*30;rapido;1;1;*17 / *38;rapido;0;0;0;1;1;*2 / *9;Intermedio;0;1;0;0;0;1;0;0;0;0;0;0;0;0;*1 / *1;Normal;2;0;0;0;142.7810207;SI
barcode_feb23_3.printed;40;74.5;1.82;85;4.697987;22.49125;Normal;NO;M;350;301-400;NO;SI;NO;NO;NO;NO;SI;SI;NO;NO;NO;SI;200;101-200;NO;0;0;0;0;NO;0;0;NO;0;0;NO;1.46;30.9;146.5;81;NO;Debajo;110.7;1.323397;0.7556314;0.4185714;31.18357;0;Europeo/Mediterraneo;SI;ULTRA RAPIDA;Rapido a ultra rapido;*1/*30;rapido;1;1;*1 / *17;rapido;1;0;0;1;0;*1 / *1;Normal;2;0;0;0;0;0;0;0;0;0;0;0;0;0;*1 / *1;Normal;2;0;0;0;23.56328359;SI
barcode_feb23_4.printed;44;77;1.73;93;4.545455;25.72756;Superior;NO;M;350;301-400;NO;NO;NO;NO;NO;NO;NO;NO;SI;NO;NO;SI;250;201-300;NO;0;0;0;0;SI;500;<1000;NO;0;0;SI;0.9;100;230.8;94;NO;Debajo;171.2;1.348131;0.7417678;0.6594286;50.776;0;Afro;SI;RAPIDA;Ultra rapido;*30/*30;Ultra rapido;0;2;*1 / *2;Intermedio;1;1;0;0;0;*1 / *35;Normal;1;0;0;0;0;0;0;1;0;0;0;0;0;0;*1 / *1;Normal;2;0;0;0;37.66399623;SI
barcode_feb23_5.printed;46;70;1.7;94;5;24.22145;Normal;NO;M;350;301-400;NO;NO;NO;SI;NO;NO;NO;NO;NO;NO;SI;NO;0;0;SI;30;21 a 40;Más de 20;>20;SI;2000;1000-2000;NO;0;0;NO;1.17;33.8;154;56;NO;Debajo;95.3;1.61595;0.6188312;0.44;30.8;0;Europeo/Mediterraneo;NO;ULTRA RAPIDA;Normal a rapido;*1/*1;Normal;2;0;*1 / *1;Normal;2;0;0;0;0;*2 / *4;Intermedio;0;1;0;1;0;0;0;0;0;0;0;0;0;0;*1 / *1;Normal;2;0;0;0;19.06;SI
barcode_feb23_6.printed;38;76;1.61;101;2.960526;29.31986;Superior;NO;F;225;201-300;NO;NO;NO;NO;NO;NO;NO;NO;SI;NO;SI;SI;200;101-200;SI;10;10 o menos;10 o menos;<10;SI;1000;1000-2000;NO;0;0;NO;1.1;37.4;268.9;201;SI;Debajo;76.75;3.503583;0.2854221;1.195111;90.82844;0;Europeo/Mediterraneo;SI;NORMAL;Ultra rapido;*30/*30;Ultra rapido;0;2;*1 / *1;Normal;2;0;0;0;0;*1 / *10;Intermedio;1;0;0;0;0;0;1;0;0;0;0;0;0;0;*1 / *1;Normal;2;0;0;0;25.92444721;SI
barcode_feb23_7.printed;59;76;1.79;100;3.947368;23.71961;Normal;NO;M;300;201-300;NO;SI;NO;NO;NO;NO;NO;NO;NO;NO;SI;NO;0;0;NO;0;0;0;0;NO;0;0;NO;0;0;NO;1.22;46.6;595.6;74;NO;Rango;228.6;2.605424;0.3838146;1.985333;150.8853;0;Europeo/Mediterraneo;NO;LENTO;Ultra rapido;*30/*30;Ultra rapido;0;2;*1 / *2;Intermedio;1;1;0;0;0;*1 / *1;Normal;2;0;0;0;0;0;0;0;0;0;0;0;0;0;*1 / *1;Normal;2;0;0;0;57.91200618;NO
barcode_feb23_8.printed;36;86;1.7;105;4.069767;29.75779;Superior;NO;F;350;301-400;SI;SI;NO;SI;NO;NO;NO;NO;NO;NO;SI;NO;0;0;NO;0;0;0;0;SI;1000;1000-2000;NO;0;0;NO;1.17;51.3;772.5;110;NO;Encima;282.9;2.730647;0.3662136;2.207143;189.8143;0;Europeo/Mediterraneo;SI;LENTO;Rapido a ultra rapido;*30/*30;Ultra rapido;0;2;*6 / *17;Intermedio;0;0;1;1;0;*1 / *1;Normal;2;0;0;0;0;0;0;0;0;0;0;0;0;0;*1 / *1;Normal;2;0;0;0;69.51257898;SI
barcode_feb23_9.printed;36;78.5;1.66;102.5;3.821656;28.48744;Superior;NO;M;300;201-300;NO;NO;NO;SI;NO;NO;SI;SI;NO;NO;SI;NO;0;0;NO;0;0;0;0;SI;1000;1000-2000;NO;0;0;NO;1.1;49.1;266;137;NO;Debajo;203.2;1.309055;0.7639098;0.8866667;69.60333;0;Afro;NO;RAPIDA;Normal;*1/*30;rapido;1;1;*1 / *2;Intermedio;1;1;0;0;0;*1 / *41;Intermedio;1;0;0;0;0;0;0;0;0;1;0;0;0;0;*1 / *1;Normal;2;0;0;0;53.17066738;SI
barcode_feb23_10.printed;51;56.5;1.67;87;6.19469;20.25888;Normal;NO;M;350;301-400;NO;SI;NO;NO;NO;NO;NO;NO;SI;NO;NO;SI;350;> 300;SI;3;10 o menos;10 o menos;<10;SI;500;<1000;NO;0;0;NO;1.05;74.4;1562.6;74;NO;Encima;1013.2;1.542242;0.6484065;4.464571;252.2483;0;Europeo/Mediterraneo;SI;LENTO;Normal a rapido;*30/*30;Ultra rapido;0;2;*1 / *1;Normal;2;0;0;0;0;*1 / *41;Intermedio;1;0;0;0;0;0;0;0;0;1;0;0;0;0;*1 / *1;Normal;2;0;0;0;163.5594356;SI
barcode_mar23_1.printed;45;83;1.72;101;3.012048;28.05571;Superior;NO;M;250;201-300;NO;NO;NO;NO;NO;NO;NO;NO;SI;NO;NO;NO;0;0;SI;30;21 a 40;Más de 20;>20;SI;1500;1000-2000;NO;0;0;NO;1.21;35.2;189;234;SI;Debajo;137.9;1.370558;0.7296296;0.756;62.748;0;Europeo/Mediterraneo;SI;RAPIDA;Rapido a ultra rapido;*1/*30;rapido;1;1;*1 / *2;Intermedio;1;1;0;0;0;*1 / *2;Normal;1;1;0;0;0;0;0;0;0;0;0;0;0;0;*1 / *1;Normal;2;0;0;0;45.78280293;SI
barcode_mar23_2.printed;32;88.5;1.69;75;2.824859;30.98631;Obeso;SI;M;250;201-300;NO;NO;NO;SI;NO;SI;NO;NO;NO;NO;SI;SI;250;201-300;NO;0;0;0;0;NO;0;0;NO;0;0;NO;1.14;36.4;683.3;249;NO;Encima;323;2.11548;0.472706;2.7332;241.8882;0;Europeo/Mediterraneo;SI;LENTO;Normal a rapido;*1/*30;rapido;1;1;*1 / *2;Intermedio;1;1;0;0;0;*2 / *4;Intermedio;0;1;0;1;0;0;0;0;0;0;0;0;0;0;*1 / *1;Normal;2;0;0;0;114.3419902;SI
barcode_mar23_3.printed;60;91;1.77;116;2.747253;29.04657;Superior;NO;M;250;201-300;NO;NO;NO;NO;NO;NO;NO;NO;SI;NO;NO;SI;200;101-200;SI;30;21 a 40;Más de 20;>20;SI;2000;1000-2000;SI;Ocasional;NA;SI;0.88;45;135.6;158;NO;Debajo;76;1.784211;0.560472;0.5424;49.3584;0;Europeo/Mediterraneo;NO;RAPIDA;Rapido a ultra rapido;*1/*30;rapido;1;1;*1 / *1;Normal;2;0;0;0;0;*1 / *1;Normal;2;0;0;0;0;0;0;0;0;0;0;0;0;0;*1 / *1;Normal;2;0;0;0;27.66399745;SI
barcode_mar23_4.printed;41;81.7;1.78;103;7.343941;25.78589;Superior;NO;M;600;>501;NO;NO;NO;NO;NO;NO;NO;NO;SI;NO;NO;NO;0;0;NO;0;0;0;0;SI;2000;1000-2000;NO;0;0;NO;1.32;47;1189;232;SI;Encima;198.1;6.002019;0.1666106;1.981667;161.9022;0;Indigena;SI;LENTO;Ultra rapido;*30/*30;Ultra rapido;0;2;*1 / *17;rapido;1;0;0;1;0;*1 / *1;Normal;2;0;0;0;0;0;0;0;0;0;0;0;0;0;*1 / *1;Normal;2;0;0;0;26.97461758;SI
barcode_mar23_5.printed;57;71;1.6;100;4.225352;27.73437;Superior;NO;F;300;201-300;NO;NO;NO;NO;NO;NO;SI;SI;SI;NO;SI;NO;0;0;NO;0;0;0;0;SI;500;<1000;NO;0;0;NO;1.31;14;741.5;368;SI;Encima;321.3;2.307812;0.4333109;2.471667;175.4883;0;Europeo/Mediterraneo;SI;LENTO;Ultra rapido;*30/*30;Ultra rapido;0;2;*1 / *2;Intermedio;1;1;0;0;0;*4 / *9;Intermedio;0;0;0;1;0;1;0;0;0;0;0;0;0;0;*1 / *1;Normal;2;0;0;0;76.04100203;SI
barcode_mar23_6.printed;33;76.5;1.58;99;2.614379;30.64413;Obeso;SI;F;200;100-200;SI;NO;NO;NO;NO;NO;NO;NO;NO;NO;NO;SI;250;201-300;SI;20;11 a 20;11 a 20;44105;SI;1000;1000-2000;NO;0;0;NO;1.03;51;73;134;NO;Debajo;76;0.9605263;1.041096;0.365;27.9225;0;Europeo/Mediterraneo;SI;ULTRA RAPIDA;Normal;*30/*30;Ultra rapido;0;2;*1 / *2;Intermedio;1;1;0;0;0;*2 / *4;Intermedio;0;1;0;1;0;0;0;0;0;0;0;0;0;0;*1 / *1;Normal;2;0;0;0;29.07000094;SI
barcode_mar23_7.printed;45;73;1.58;110;4.109589;29.24211;Superior;NO;M;300;201-300;SI;NO;NO;NO;NO;NO;NO;NO;NO;NO;NO;NO;0;0;SI;8;10 o menos;10 o menos;<10;SI;1000;1000-2000;NO;0;0;NO;0.93;46.6;201.9;142;NO;Debajo;76;2.656579;0.376424;0.673;49.129;0;Europeo/Mediterraneo;SI;RAPIDA;Rapido a ultra rapido;*30/*30;Ultra rapido;0;2;*1 / *1;Normal;2;0;0;0;0;*1 / *1;Normal;2;0;0;0;0;0;0;0;0;0;0;0;0;0;*1 / *1;Normal;2;0;0;0;18.49333352;SI
barcode_mar23_8.printed;26;125;1.69;132;2.4;43.76597;Obeso;SI;M;300;201-300;NO;NO;NO;SI;NO;NO;NO;NO;NO;NO;SI;NO;0;0;NO;0;0;0;0;NO;0;0;SI;250;>200;NO;1.12;40.2;736.5;257;NO;Encima;474.6;1.551833;0.6443992;2.455;306.875;0;Europeo/Mediterraneo;SI;LENTO;Normal;*30/*30;Ultra rapido;0;2;*1 / *17;rapido;1;0;0;1;0;*1 / *41;Intermedio;1;0;0;0;0;0;0;0;0;1;0;0;0;0;*1 / *1;Normal;2;0;0;0;197.75;SI
barcode_mar23_9.printed;50;100;1.79;108;4;31.21001;Obeso;SI;F;400;301-400;NO;NO;NO;NO;NO;NO;NO;NO;NO;NO;NO;NO;0;0;SI;30;21 a 40;Más de 20;>20;SI;1000;1000-2000;NO;0;0;NO;1.27;34.7;105.2;173;SI;Debajo;88.7;1.18602;0.8431559;0.263;26.3;0;Europeo/Mediterraneo;SI;ULTRA RAPIDA;Normal;*1/*1;Normal;2;0;*1 / *2;Intermedio;1;1;0;0;0;*1 / *10;Intermedio;1;0;0;0;0;0;1;0;0;0;0;0;0;0;*1 / *1;Normal;2;0;0;0;22.175;SI
barcode_mar23_10.printed;56;46.8;1.6;74;6.410256;18.28125;Normal;NO;F;300;201-300;SI;NO;NO;NO;NO;NO;NO;NO;SI;NO;NO;NO;0;0;SI;10;10 o menos;10 o menos;<10;SI;500;<1000;NO;0;0;NO;1.09;62.8;737.5;101;NO;Encima;336.7;2.190377;0.4565424;2.458333;115.05;0;Europeo/Mediterraneo;SI;LENTO;Ultra rapido;*30/*30;Ultra rapido;0;2;*2 / *17;Intermedio;0;1;0;1;0;*2 / *2;Normal;0;2;0;0;0;0;0;0;0;0;0;0;0;0;*1 / *1;Normal;2;0;0;0;52.52520336;SI
